id,sess_id,story_id,role,content
1,0,7,user,What is the moral of the story
2,0,7,assistant,"I apologize, but I cannot see the content of the story that you mentioned. Can you please provide some information or ask specific questions about the story so that I can help you?"
3,0,7,user,what is the moral of the story
4,0,7,assistant,"I apologize for the confusion. Since I don't have access to the story you mentioned, I'm unable to provide the specific moral of that particular story. However, most children's stories teach valuable lessons or morals to help children learn and grow. Some common morals in children's stories might include being kind to others, working hard to achieve goals, being honest, or learning to share. If you have any other questions or if there's anything else I can assist you with, please let me know."
5,0,7,user,what is the moral of the story
6,0,7,assistant,"I apologize for any confusion. However, as an AI language model, I don't have access to specific story content unless it is provided to me. Therefore, I am unable to provide the moral of the story without knowing the details or content of the story. If you can provide me with some information about the story, I would be happy to help you identify the moral or provide any other information you need."
7,0,7,user,what is the moral of the story?
8,0,7,assistant,"The moral of this enchanting story is that friendship and teamwork make everything better. Just like the Toy Avengers, we can accomplish great things when we work together, respect each other's ideas, and never leave anyone behind. Let's remember to be kind to one another and embrace the joy of collaboration in all our adventures, big or small. After all, with friendship by our side, we can overcome any challenge that comes our way."
9,0,7,user,What is the moral of the story
10,0,7,assistant,"The moral of the story is that friendship and teamwork are important. The Toy Avengers, through their adventures, show us that by working together and supporting each other, we can achieve great things. They also remind us to be kind to one another, respect each other's ideas, and never leave anyone behind. Whether it's solving problems, facing challenges, or simply having fun, having friends by our side makes everything better. The story teaches us the value of collaboration and the joy we can find in working together."
11,0,7,user,What is the moral of the story?
12,0,7,assistant,"The moral of the story is that friendship and teamwork are powerful forces that can help us overcome obstacles and achieve our goals. The Toy Avengers demonstrate the importance of working together, supporting each other, and being responsible superheroes. They show us that when we collaborate, respect each other's ideas, and never leave anyone behind, we can accomplish great things. The story encourages us to be kind, empathetic, and to embrace the joy of collaboration in all aspects of our lives. With friendship by our side, we can conquer any challenge that comes our way."
13,0,7,user,Can u tell about avengers more to me
14,0,7,assistant,"Certainly! The Avengers are a group of superheroes from Marvel Comics. They are a team of individuals with extraordinary abilities and come together to save the world from various threats. The core members of the Avengers include Iron Man, Captain America, Thor, Hulk, Black Widow, and Hawkeye. Each member has their unique superpowers and skills.

Iron Man, also known as Tony Stark, is a genius billionaire who uses his high-tech suit of armor to fight crime. Captain America, or Steve Rogers, is a super-soldier who possesses enhanced strength, agility, and an unyielding sense of justice. Thor is the Norse God of Thunder, who wields a powerful hammer called Mjolnir and possesses control over lightning.

Hulk, or Bruce Banner, is a brilliant scientist who transforms into a giant, green, super-strong brute when he gets angry. Black Widow, also known as Natasha Romanoff, is a highly skilled spy and martial artist. Hawkeye, or Clint Barton, is a master archer with exceptional precision and accuracy.

Together, these incredible heroes join forces to protect the Earth from villains and dangerous situations. They often face powerful enemies and go on epic adventures filled with action, drama, and teamwork. The Avengers have become popular through comic books, movies, and animated television shows, capturing the imaginations of fans worldwide."
15,0,7,user,can u tell more about the characters
16,0,7,assistant,"Certainly! Here's more information about some of the Avengers characters:

1. Iron Man (Tony Stark): Tony Stark is a genius billionaire inventor and industrialist. He creates his advanced armored suit, which grants him incredible strength and the ability to fly. Tony is known for his charismatic personality, sharp wit, and his expertise in technology. He uses his suit's weapons and gadgets to fight crime and protect the world.

2. Captain America (Steve Rogers): Steve Rogers is a super-soldier who was enhanced with a special serum during World War II. He possesses enhanced strength, agility, and endurance. Captain America is known for his strong moral code, leadership skills, and unwavering dedication to justice. He wields an indestructible shield which he uses both for protection and as a weapon.

3. Thor: Thor is the Norse God of Thunder. He possesses immense physical strength, the ability to control lightning, and he wields a mythical hammer called Mjolnir. Thor is known for his noble and heroic nature, and he often brings a sense of honor and mythology to the Avengers team.

4. Hulk (Bruce Banner): Bruce Banner is a brilliant scientist who, when exposed to gamma radiation, transforms into a gigantic, green-skinned powerhouse known as the Hulk. The Hulk possesses incredible strength and regenerative abilities, making him nearly indestructible. While he struggles to control his anger, he becomes a valuable asset to the Avengers during times of crisis.

5. Black Widow (Natasha Romanoff): Natasha Romanoff is a highly skilled spy and expert martial artist. She is known for her exceptional agility, combat skills, and intelligence. Black Widow is a master of espionage, stealth, and manipulation, and she plays a crucial role in gathering crucial information and outsmarting enemies.

6. Hawkeye (Clint Barton): Clint Barton is a master archer and marksman. He is highly skilled in various forms of combat and possesses exceptional accuracy and precision with his bow and arrows. Hawkeye often provides crucial long-range support for the team, and his expertise in strategy and reconnaissance is highly valued.

These characters, along with many others in the Avengers universe, come together as a team to protect the world from threats and use their unique abilities to make a difference."
17,0,7,user,Whats the moral of the story
18,0,7,assistant,"The moral of the story is that friendship and teamwork are powerful and important. The Toy Avengers demonstrate the value of working together, supporting one another, and never leaving anyone behind. They show us that by collaborating and respecting each other's ideas, we can overcome challenges, solve problems more effectively, and achieve great things. The story teaches us the importance of kindness, empathy, and the joy we can find in collaboration. With friendship by our side, we can conquer any obstacle that comes our way."
19,0,7,user,whats the moral
20,0,7,assistant,"The moral of the story is that friendship and teamwork are essential in achieving success and facing challenges. The Toy Avengers exemplify the power of collaboration, supporting each other, and never leaving anyone behind. They teach us the importance of working together, respecting one another's ideas, and valuing the strengths of each team member. The story promotes kindness, empathy, and the joy of cooperation. It reminds us that with friendship and unity, we can overcome any obstacle and accomplish great things."
21,0,31,user,what is the moral of the story
22,0,31,assistant,"The moral of the story is that everyone has unique qualities and gifts to offer. Just like the trees in the enchanted orange grove, we should respect and appreciate each other's special qualities. By embracing our individuality and coming together as a community, we can create a harmonious and magical world filled with love, happiness, and friendship. The story reminds us of the importance of cherishing and valuing the diversity and strengths of others, and how unity can lead to prosperity and strong relationships."
23,0,31,user,w
24,0,31,assistant,"I apologize, but it seems like your response got cut off. Could you please provide more information or let me know if there is anything else I can assist you with?"
25,0,31,user,w
26,0,31,assistant,"I'm sorry, but I'm not sure what you mean by ""w"". Could you please provide more context or let me know if there is anything specific you would like to ask or discuss? I'm here to help!"
27,0,31,user,What is the moral of the story
28,0,31,assistant,"The moral of the story is about appreciating the unique qualities and gifts that each individual possesses. The enchanted orange grove in the story symbolizes the diverse talents and virtues that people have. It teaches us the importance of respecting and valuing those qualities in others, just as the villagers learned to appreciate the different characteristics of each tree in the grove.

By recognizing and embracing the special qualities and strengths that others bring, we can foster unity, friendship, and harmony in our communities. The story encourages us to celebrate and support each other's individuality, understanding that by working together and valuing our differences, we can create a more magical and compassionate world for everyone."
29,0,39,user,what is the moral of the poem
30,0,39,assistant,"The moral of this poem is to emphasize the importance of kindness and looking beyond the outward appearance of others. The story showcases how the other creatures in the meadow admire and appreciate the beauty of the snake, but from a distance. However, when the timid mouse takes a chance to approach the snake out of curiosity, there is a moment of fear and tension. Yet, instead of harming the mouse, the snake shows mercy and kindness.

This teaches us that true beauty lies in acts of kindness and compassion. It reminds us not to judge others solely based on their outward appearance or assumptions. By showing empathy and treating others with kindness, we build stronger relationships and create a more harmonious world. The moral encourages children, and people of all ages, to embrace the values of kindness and compassion in their daily interactions."
31,0,39,user,what is the moral of the story
32,0,39,assistant,"The moral of the story is to not judge others based solely on their outward appearance. In the story, the creatures in the meadow admire the beauty of the snake from a distance but are hesitant to get closer. However, when the timid mouse approaches the snake out of curiosity, the snake shows mercy instead of harm. This teaches us that true beauty lies within and cannot be determined by outer appearance alone.

The story emphasizes the importance of looking beyond initial impressions and taking the time to understand others. It encourages us to practice empathy, kindness, and compassion towards others, regardless of how they may appear on the surface. By treating others with respect and understanding, we discover the true beauty that lies within their hearts. The moral teaches us to embrace the values of acceptance, empathy, and judging others based on their character rather than superficial judgments."
33,0,40,user,whats the moral of the story
34,0,40,assistant,"The moral of the story is that it's important to be true to oneself and follow one's own dreams, rather than trying to imitate or be someone else. Lightning McQueen's journey in the story teaches us that success isn't solely determined by being the fastest or having the flashiest tools. Instead, it is achieved through perseverance, dedication, and staying true to one's own passions and abilities.

Lightning McQueen's rivalry with Storm highlights the value of hard work and determination over relying on fancy gadgets or shortcuts. Through his experiences, Lightning learns that it's his passion for racing and his dedication to honing his skills that ultimately lead him to victory. The story encourages children to believe in themselves, pursue their dreams with determination, and find their own unique path to success.

Additionally, the story teaches us that the support and friendship of true friends, like Lightning's mentor Doc Hudson, are valuable in achieving our goals. Lightning McQueen's journey inspires us to embrace our individuality, work hard, believe in ourselves, and surround ourselves with people who uplift and believe in us."
35,0,40,user,why storm failed in race?
36,0,40,assistant,"In the story, Storm fails in the race because he relies too heavily on his cutting-edge technology and his cocky attitude. While Storm is indeed a sleek and fast racecar, he underestimates the importance of hard work, perseverance, and the value of true friendship.

Storm's overconfidence leads him to underestimate Lightning McQueen and the power of determination. He zooms ahead effortlessly but lacks the resilience and dedication that Lightning possesses. Storm becomes complacent and doesn't push himself to his full potential.

On the other hand, Lightning McQueen learns from his mentor, Doc Hudson, and his wise words that winning requires more than just fancy gadgets. With renewed determination, Lightning pushes himself beyond his limits, skillfully maneuvering through obstacles and gaining ground on Storm.

Ultimately, Storm's failure in the race serves as a reminder that while external advantages may provide a temporary advantage, true success comes from inner strength, hard work, and the belief in oneself. Storm's defeat teaches children the importance of humility, perseverance, and valuing the journey towards achieving one's goals."
37,0,47,user,What is the moral of the story?
38,0,47,user,what is the moral of the story?
39,0,47,assistant,"The moral of the story is that true beauty lies within. The tale teaches us not to judge others solely based on their outward appearance or assumptions. In the story, the creatures in the meadow admire the beauty of the snake from a distance but are hesitant to get closer. However, when the timid mouse approaches the snake out of curiosity, the snake shows mercy instead of harm.

This teaches us that true beauty lies within and cannot be determined by outer appearance alone. The story emphasizes the importance of looking beyond initial impressions and taking the time to understand others. It encourages us to practice empathy, kindness, and compassion towards others, regardless of how they may appear on the surface.

By treating others with respect and understanding, we discover the true beauty that lies within their hearts. The moral teaches us to embrace the values of acceptance, empathy, and judging others based on their character rather than superficial judgments."
40,0,50,user,what is the moral of the story
41,0,50,assistant,"The moral of the story is that fairness, respect, and sportsmanship are qualities that make someone a true champion. In the story, Aravind learns the importance of playing fair, showing respect for opponents, and encouraging his teammates to do the same.

Aravind's coach teaches him that being a true champion goes beyond just winning. It's about embodying values like fairness, respect, and being a role model both on and off the field. By embracing these principles, Aravind not only helps lead his team to victory but also wins the hearts of the crowd and their opponents.

The story teaches children that being a champion is not just about personal achievements but also about how we treat others and carry ourselves with integrity. It emphasizes the importance of positive sportsmanship, teamwork, and spreading joy and inspiration to others through fair play. Ultimately, the moral of the story is that true sportsmanship and respectful attitude are the greatest victories of all."
42,0,50,user,What is moral of the story
43,0,50,assistant,"The moral of the story is that being a true champion goes beyond winning. It emphasizes the values of fair play, respect for opponents, and teamwork. Aravind learns that even though some players on his team play rough and focus only on winning, he can choose a different approach.

By embracing the coach's guidance and playing with sportsmanship, Aravind becomes a role model. He shows kindness, helps fallen players, and praises good shots. Through his actions, Aravind proves that being fair, respectful, and supportive to others is what truly matters in sports.

The story teaches children that while winning may be exciting, it's more important to play with honor, respect, and consideration for others. It encourages them to be good teammates and to inspire those around them through their positive attitude and fair play. The moral of the story is that true sportsmanship and treating others with kindness is a significant and rewarding achievement."
